image_name,LiveCELL,TissueNet,PlantSeg,Lizard,selected_model
LiveCELL_A172_Phase_C7_1_00d04h00m_3.tif,0.900657713658654,0.00779220283901039,-0.0005655603781477695,0.42356984596008224,cellpose_lizard
LiveCELL_A172_Phase_C7_1_00d20h00m_3.tif,0.8913171654098505,0.001285007150847285,-0.004375114934373566,0.4357741097883784,cellpose_lizard
LiveCELL_A172_Phase_C7_1_01d00h00m_3.tif,0.9011181633141878,-0.01886115181199946,-0.02364513472771246,0.4304140477792403,cellpose_lizard
LiveCELL_A172_Phase_C7_1_01d04h00m_1.tif,0.8913834355055374,-0.007542174041829065,-0.01143255528260546,0.4380170459360705,cellpose_lizard
LiveCELL_A172_Phase_C7_1_01d08h00m_4.tif,0.8843135092578653,-0.03537347036295314,-0.03765945993264107,0.4178063414241275,cellpose_lizard
LiveCELL_A172_Phase_C7_1_02d08h00m_2.tif,0.8492341798770372,-0.04559262088775116,-0.048423625833317316,0.45746724480991785,cellpose_lizard
LiveCELL_A172_Phase_C7_1_02d12h00m_3.tif,0.8611165376229044,-0.041337689437787796,-0.04663426541177472,0.44363281596523113,cellpose_lizard
LiveCELL_A172_Phase_C7_1_02d20h00m_3.tif,0.8489361000340881,-0.052794498986158914,-0.05805409190326259,0.4430799731104966,cellpose_lizard
LiveCELL_A172_Phase_C7_2_02d12h00m_4.tif,0.8768881710559067,-0.033377128547655344,-0.037433324847216204,0.4476985689281022,cellpose_lizard
LiveCELL_A172_Phase_C7_2_03d00h00m_4.tif,0.847752507503037,-0.04740878543402034,-0.05094694359833045,0.44176584071423963,cellpose_lizard
LiveCELL_BT474_Phase_D3_1_00d04h00m_3.tif,0.8834392794142227,-0.01343650414574174,-0.019876418823052234,0.4275912968218618,cellpose_lizard
LiveCELL_BT474_Phase_D3_1_00d04h00m_4.tif,0.8841215156766992,-0.016448603756792926,-0.021883335542760684,0.42526237452804133,cellpose_lizard
LiveCELL_BT474_Phase_D3_1_00d12h00m_1.tif,0.9008231045146723,0.00871834887946599,0.0010550906847721462,0.4293972072512092,cellpose_lizard
LiveCELL_BT474_Phase_D3_1_01d04h00m_4.tif,0.8973426952923375,-0.003430376320262672,-0.011619389686427933,0.4124834727063623,cellpose_lizard
LiveCELL_BT474_Phase_D3_1_03d04h00m_4.tif,0.8644466676039024,7.899043372519964e-05,-0.011099381337455824,0.3954745216328518,cellpose_lizard
LiveCELL_BT474_Phase_D3_1_03d12h00m_4.tif,0.8653371175655961,-0.0016770230446541648,-0.011700560443736723,0.40193784126668597,cellpose_lizard
LiveCELL_BT474_Phase_D3_2_01d12h00m_1.tif,0.9002307611319643,-0.003662800019108226,-0.012490216181073247,0.42913642676709357,cellpose_lizard
LiveCELL_BT474_Phase_D3_2_02d16h00m_2.tif,0.8885413210131173,0.006992995914257417,-0.002406508234805958,0.4296814626935735,cellpose_lizard
LiveCELL_BT474_Phase_D3_2_03d12h00m_4.tif,0.8905385722518909,-0.008947839496167707,-0.018989733275314998,0.414710448407419,cellpose_lizard
LiveCELL_BT474_Phase_D3_2_04d04h00m_3.tif,0.8736069366800215,-0.015069767869718528,-0.026721166648290058,0.40065252250572014,cellpose_lizard
LiveCELL_BV2_Phase_A4_1_00d00h00m_2.tif,0.7992727932785113,0.032253965696797345,0.029107201352235313,0.3773270666475132,cellpose_lizard
LiveCELL_BV2_Phase_A4_1_01d16h00m_1.tif,0.8122091431122436,-0.042555921935443206,-0.05097257290304561,0.41729178590839533,cellpose_lizard
LiveCELL_BV2_Phase_A4_1_02d00h00m_3.tif,0.7561980477348408,-0.05876357174243378,-0.0672667062047104,0.4014657759540169,cellpose_lizard
LiveCELL_BV2_Phase_A4_1_02d08h00m_1.tif,0.7157017753223561,-0.06897682878974062,-0.07751276082392451,0.40679842216117185,cellpose_lizard
LiveCELL_BV2_Phase_A4_1_02d20h00m_4.tif,0.5877798619484256,-0.07410955835297924,-0.08220981361470937,0.3694091111168439,cellpose_lizard
LiveCELL_BV2_Phase_A4_2_01d04h00m_4.tif,0.8342736576363452,-0.0142003851656931,-0.021798687679567604,0.4143124984237261,cellpose_lizard
LiveCELL_BV2_Phase_A4_2_01d08h00m_1.tif,0.8120626576669824,-0.03842258624482868,-0.04628811468807617,0.41714899855845167,cellpose_lizard
LiveCELL_BV2_Phase_A4_2_01d12h00m_3.tif,0.8183274668916872,-0.03868930717522341,-0.04751455977763003,0.4204768791603377,cellpose_lizard
LiveCELL_BV2_Phase_A4_2_02d12h00m_4.tif,0.6928341019199846,-0.0686085032205451,-0.07673090765617589,0.3964973279679651,cellpose_lizard
LiveCELL_BV2_Phase_A4_2_03d00h00m_3.tif,0.5989600029902951,-0.06694301665719628,-0.07553972455040434,0.3525685176727399,cellpose_lizard
LiveCELL_Huh7_Phase_A12_1_00d20h00m_4.tif,0.8468362700247944,0.06547696086457835,0.05403769438163022,0.3942109981547198,cellpose_lizard
LiveCELL_Huh7_Phase_A12_1_01d00h00m_1.tif,0.8714554092931444,0.041819460531495725,0.032138054803218734,0.4122937013848009,cellpose_lizard
LiveCELL_Huh7_Phase_A12_1_01d00h00m_3.tif,0.8629681665955968,0.0517011365131755,0.04048920844471947,0.40690383109742145,cellpose_lizard
LiveCELL_Huh7_Phase_A12_1_01d12h00m_4.tif,0.8307095873106547,0.07409349937336679,0.0638488940893032,0.403310115360864,cellpose_lizard
LiveCELL_Huh7_Phase_A12_1_02d04h00m_4.tif,0.8615726126233753,0.04765171260188511,0.03788907483037231,0.4060288138334548,cellpose_lizard
LiveCELL_Huh7_Phase_A12_1_02d20h00m_4.tif,0.8561904459260626,0.043381592939645344,0.032466524674248945,0.4060206095530563,cellpose_lizard
LiveCELL_Huh7_Phase_A12_1_03d12h00m_3.tif,0.8572680786944957,0.03750264261422843,0.02379537932962946,0.4048623036329464,cellpose_lizard
LiveCELL_Huh7_Phase_A12_1_03d12h00m_4.tif,0.8523939130078579,0.03952432658359681,0.02728367454529292,0.403678610032378,cellpose_lizard
LiveCELL_Huh7_Phase_A12_1_04d00h00m_2.tif,0.868924822698561,0.02437051834057248,0.013800463572186391,0.4086658224356963,cellpose_lizard
LiveCELL_Huh7_Phase_A12_2_03d20h00m_4.tif,0.8431597356244482,-0.0005168496724447602,-0.007225809220975508,0.4149215786987959,cellpose_lizard
LiveCELL_MCF7_Phase_H4_1_00d08h00m_4.tif,0.903856920858237,-0.015071256332602761,-0.02405573699125963,0.4206675968995611,cellpose_lizard
LiveCELL_MCF7_Phase_H4_1_00d20h00m_1.tif,0.9041987996956542,0.0030542212689105034,-0.0027390671066354665,0.4516033809887823,cellpose_lizard
LiveCELL_MCF7_Phase_H4_1_01d04h00m_4.tif,0.9045303355715217,-0.03291366527885912,-0.038719446877604,0.44066257206859716,cellpose_lizard
LiveCELL_MCF7_Phase_H4_1_02d16h00m_4.tif,0.824434264574962,-0.06041916133907936,-0.06731242959882437,0.4123899103853105,cellpose_lizard
LiveCELL_MCF7_Phase_H4_1_03d16h00m_1.tif,0.7670251831894693,-0.05229697919642825,-0.06073065183959018,0.3979546321129107,cellpose_lizard
LiveCELL_MCF7_Phase_H4_1_03d16h00m_4.tif,0.7089489597902318,-0.050094343736364365,-0.06274813868335738,0.35703989146112136,cellpose_lizard
LiveCELL_MCF7_Phase_H4_2_00d04h00m_1.tif,0.8862026608253176,-0.001887257132298474,-0.011207056101531481,0.4040853105721408,cellpose_lizard
LiveCELL_MCF7_Phase_H4_2_01d00h00m_2.tif,0.8920756768653156,-0.042240192429438043,-0.05096901055325288,0.4123382968307734,cellpose_lizard
LiveCELL_MCF7_Phase_H4_2_01d20h00m_2.tif,0.8529839399078161,-0.055838794708961345,-0.06448643500439286,0.39878095650940426,cellpose_lizard
LiveCELL_MCF7_Phase_H4_2_02d12h00m_3.tif,0.8539588679396047,-0.0491868986744783,-0.05903934217846847,0.4017929241682965,cellpose_lizard
LiveCELL_SHSY5Y_Phase_A10_1_00d08h00m_4.tif,0.8776815593252643,0.009552982471667072,0.0009568244789525799,0.42514507168169924,cellpose_lizard
LiveCELL_SHSY5Y_Phase_A10_1_00d16h00m_2.tif,0.8618322947703917,0.0008607386864265493,-0.009097431761031675,0.42948807233794195,cellpose_lizard
LiveCELL_SHSY5Y_Phase_A10_1_02d00h00m_2.tif,0.827551351978728,-0.04799745312425742,-0.053716072006978456,0.439699947589608,cellpose_lizard
LiveCELL_SHSY5Y_Phase_A10_1_03d00h00m_4.tif,0.8034607917396039,-0.07174992176382985,-0.07586126141514951,0.42760015001505797,cellpose_lizard
LiveCELL_SHSY5Y_Phase_A10_2_00d04h00m_1.tif,0.8724818174953154,0.0048246749346420835,-0.005070567509133416,0.4058166438898846,cellpose_lizard
LiveCELL_SHSY5Y_Phase_A10_2_02d04h00m_2.tif,0.8229731451821324,-0.06050511905345298,-0.06525637401218828,0.4201655618120885,cellpose_lizard
LiveCELL_SHSY5Y_Phase_A10_2_02d08h00m_4.tif,0.8583564802495095,-0.01330008152320454,-0.017264740458138826,0.4468484252002699,cellpose_lizard
LiveCELL_SHSY5Y_Phase_A10_2_02d20h00m_3.tif,0.8385016741537299,-0.050495347119659105,-0.053838961507580704,0.45263401106087536,cellpose_lizard
LiveCELL_SHSY5Y_Phase_A10_2_03d00h00m_1.tif,0.8156546918342565,-0.06641528058089381,-0.0696185261479404,0.4349253681855906,cellpose_lizard
LiveCELL_SHSY5Y_Phase_A10_2_03d08h00m_2.tif,0.8308065329638844,-0.06694612372173991,-0.06966644806634971,0.4604494636578047,cellpose_lizard
LiveCELL_SKOV3_Phase_E4_1_01d12h00m_1.tif,0.9036034990308625,-0.03768143676319024,-0.03754551161148828,0.4650803806784382,cellpose_lizard
LiveCELL_SKOV3_Phase_E4_2_00d04h00m_4.tif,0.9052309413184756,0.00624303492343677,0.0007838142367439067,0.4307782941327608,cellpose_lizard
LiveCELL_SKOV3_Phase_E4_2_00d08h00m_4.tif,0.9069673188118518,-0.008845462676629057,-0.015156873755382636,0.4240855961139263,cellpose_lizard
LiveCELL_SKOV3_Phase_E4_2_01d04h00m_4.tif,0.9046813277579837,-0.02018847367578586,-0.0237156018466273,0.43272671345638847,cellpose_lizard
LiveCELL_SKOV3_Phase_E4_2_02d00h00m_2.tif,0.8918353582208309,-0.030917910620448852,-0.03353131470993656,0.4405800664935041,cellpose_lizard
LiveCELL_SKOV3_Phase_E4_2_02d12h00m_1.tif,0.8924214551495946,-0.03455290785657572,-0.03905417504806463,0.4348331505484544,cellpose_lizard
LiveCELL_SKOV3_Phase_F4_1_01d04h00m_2.tif,0.906584016921151,-0.025182091121677193,-0.02615253460765867,0.4693093404445684,cellpose_lizard
LiveCELL_SKOV3_Phase_F4_1_01d12h00m_2.tif,0.9035258201245123,-0.015295499508620186,-0.018302181052564866,0.48075628838947415,cellpose_lizard
LiveCELL_SKOV3_Phase_F4_2_00d08h00m_1.tif,0.8989819802554323,-0.013605969584694339,-0.017457976426618883,0.4264350502134576,cellpose_lizard
LiveCELL_SKOV3_Phase_F4_2_01d20h00m_2.tif,0.9021770274976096,-0.030762456065031352,-0.035802753993995275,0.4414860897478012,cellpose_lizard
LiveCELL_SkBr3_Phase_G3_1_00d20h00m_1.tif,0.8338287332227294,-0.012502216393652846,-0.017148324282197303,0.41218774771078426,cellpose_lizard
LiveCELL_SkBr3_Phase_G3_1_01d00h00m_2.tif,0.8332219334338163,-0.030584139549820928,-0.03595443763285887,0.4072710397226338,cellpose_lizard
LiveCELL_SkBr3_Phase_G3_1_02d08h00m_3.tif,0.8620064982604594,-0.042633765644239645,-0.04732898060644479,0.43532505067713234,cellpose_lizard
LiveCELL_SkBr3_Phase_G3_1_02d08h00m_4.tif,0.8555357392326115,-0.04902912606116096,-0.05447116434442294,0.44322818365318595,cellpose_lizard
LiveCELL_SkBr3_Phase_G3_1_02d20h00m_4.tif,0.8359075932575224,-0.06012286135568838,-0.06661035610936303,0.42796544790012225,cellpose_lizard
LiveCELL_SkBr3_Phase_G3_1_03d00h00m_3.tif,0.8412024887551094,-0.05591743239835908,-0.06073807919773093,0.42294019156277224,cellpose_lizard
LiveCELL_SkBr3_Phase_G3_2_00d04h00m_2.tif,0.8213006184648014,-0.011650840930908919,-0.01640596149247955,0.4037206095950352,cellpose_lizard
LiveCELL_SkBr3_Phase_G3_2_00d08h00m_2.tif,0.8235418165370634,-0.014324177712165903,-0.019658968138239807,0.4027240296543175,cellpose_lizard
LiveCELL_SkBr3_Phase_G3_2_01d04h00m_1.tif,0.8532081760125595,-0.024490393962567886,-0.02994317458781562,0.4362944971255227,cellpose_lizard
LiveCELL_SkBr3_Phase_G3_2_03d00h00m_3.tif,0.8087361551585239,-0.06642616240319978,-0.07136536305664552,0.42421331355116976,cellpose_lizard
Lizard_lizard_consep_4_00001.tif,0.4516989797408907,-0.0015814338862421816,-0.009269928418419874,0.7404271090935362,cellpose_livecell
Lizard_lizard_consep_6_00001.tif,0.4379881704381267,-0.050757982645721775,-0.04514016122292347,0.8982835602595591,cellpose_livecell
Lizard_lizard_consep_7_00001.tif,0.4894090431130003,0.08232246703116777,0.06943385248418592,0.8154922483568938,cellpose_livecell
Lizard_lizard_consep_8_00001.tif,0.4367057014113275,-0.05875615385642441,-0.052369675051817964,0.893955416851871,cellpose_livecell
Lizard_lizard_consep_9_00001.tif,0.5186456736035877,0.061861459098943215,0.05455222702988072,0.7958716238126786,cellpose_livecell
Lizard_lizard_crag_10_00001.tif,0.44068036908784175,-0.02977816546433998,-0.017292112487721053,0.8771264782656532,cellpose_livecell
Lizard_lizard_crag_14_00001.tif,0.3948355449998366,-0.025986760229168248,-0.022859611255802836,0.8559169159024542,cellpose_livecell
Lizard_lizard_crag_17_00001.tif,0.4415153851038709,-0.01866645680514541,-0.004539235805836703,0.8723913654140112,cellpose_livecell
Lizard_lizard_crag_18_00001.tif,0.4327057160472227,-0.04337338373506317,-0.03831942957183625,0.8855984352136707,cellpose_livecell
Lizard_lizard_crag_1_00001.tif,0.48529820684338365,-0.00716738828964728,-0.012207673968260934,0.8755581821887711,cellpose_livecell
Lizard_lizard_crag_27_00001.tif,0.4581451556582507,0.06154324517578076,0.044624377767404924,0.7494491666242056,cellpose_livecell
Lizard_lizard_crag_28_00001.tif,0.4723521366412194,0.003611501475392615,0.005488091650349853,0.8601209425302428,cellpose_livecell
Lizard_lizard_crag_30_00001.tif,0.47097372651849984,-0.04156465657545141,-0.04241030203917497,0.8289783643401687,cellpose_livecell
Lizard_lizard_crag_39_00001.tif,0.45391756938530525,-0.03920709283917498,-0.038315672196005415,0.8738462621844937,cellpose_livecell
Lizard_lizard_crag_40_00001.tif,0.4575673369150681,-0.017308575837190268,-0.02430970509690273,0.868792382016711,cellpose_livecell
Lizard_lizard_crag_42_00001.tif,0.4326235073539166,0.05100103310410391,0.03621710932951634,0.7118031807140957,cellpose_livecell
Lizard_lizard_crag_44_00001.tif,0.4507286778211135,-0.026199479964180032,-0.033248203954154475,0.8504675612656941,cellpose_livecell
Lizard_lizard_crag_4_00001.tif,0.48029325751412677,-0.04588497920080429,-0.047461594209740644,0.8915847051592571,cellpose_livecell
Lizard_lizard_crag_50_00001.tif,0.42332599343777894,-0.013746346681291825,-0.01567076895337235,0.8427966468952528,cellpose_livecell
Lizard_lizard_crag_54_00001.tif,0.5103661596716705,0.007538582340102013,0.004362708958186266,0.8374271831436421,cellpose_livecell
Lizard_lizard_crag_55_00001.tif,0.449390682165717,-0.001763074665697186,0.005143888569719151,0.8388849648862052,cellpose_livecell
Lizard_lizard_crag_58_00001.tif,0.4766864013999922,-0.00346137799220812,-0.0003999797280160239,0.8783615569949594,cellpose_livecell
Lizard_lizard_crag_5_00001.tif,0.46514473000953777,-0.0028285869877238004,-0.0177377177506312,0.745185772091746,cellpose_livecell
Lizard_lizard_dpath_10_00001.tif,0.2851107793681867,0.0014925435614475634,0.012659569645880922,0.7412929065958437,cellpose_livecell
Lizard_lizard_dpath_11_00001.tif,0.4027517738006049,-0.04392250569631735,-0.04047834554362474,0.851839394728281,cellpose_livecell
Lizard_lizard_dpath_14_00001.tif,0.4448466597721946,-0.06054169559303073,-0.056955181445858406,0.8337745391353261,cellpose_livecell
Lizard_lizard_dpath_1_00001.tif,0.26793485290803887,0.03159683181930146,0.04442866917929414,0.6806057198533283,cellpose_livecell
Lizard_lizard_dpath_20_00001.tif,0.3774816500005481,0.018860688980513806,0.021717739223555042,0.825325285151845,cellpose_livecell
Lizard_lizard_dpath_22_00001.tif,0.3009014408425196,-0.005016901849499388,0.006992262207336194,0.7802330142251301,cellpose_livecell
Lizard_lizard_dpath_25_00001.tif,0.3632008556850145,-0.03787273351338556,-0.032135677652663744,0.7392555709579939,cellpose_livecell
Lizard_lizard_dpath_29_00001.tif,0.3813438212027194,0.038383467759621814,0.05424956260550625,0.8290759500130906,cellpose_livecell
Lizard_lizard_dpath_38_00001.tif,0.39193135264012796,-0.029190701833965788,-0.024032384700733184,0.8393891086845949,cellpose_livecell
Lizard_lizard_dpath_39_00001.tif,0.34470321391749087,-0.03741802741250466,-0.031010043846309853,0.8026641451168924,cellpose_livecell
Lizard_lizard_dpath_3_00001.tif,0.37315945875053746,-0.04780493037816098,-0.03888518465213871,0.8063877807649462,cellpose_livecell
Lizard_lizard_dpath_44_00001.tif,0.35478982549887506,0.03897387956984376,0.04196943071977864,0.7949408209087212,cellpose_livecell
Lizard_lizard_dpath_47_00001.tif,0.29139781376063406,-0.008455975644297084,-0.0019697076147286363,0.7363234119530704,cellpose_livecell
Lizard_lizard_dpath_48_00001.tif,0.315133306036116,-0.018337227240292582,-0.011585574519629596,0.7632166759821831,cellpose_livecell
Lizard_lizard_dpath_51_00001.tif,0.36973170552361123,-0.04845380345027804,-0.044794834894020634,0.8440858017376895,cellpose_livecell
Lizard_lizard_dpath_54_00001.tif,0.3295591495258238,-0.02766393089048171,-0.01739909177590968,0.7771852185451582,cellpose_livecell
Lizard_lizard_dpath_56_00001.tif,0.2657247986195576,0.017936416532121868,0.03278288764811231,0.6708628655227601,cellpose_livecell
Lizard_lizard_dpath_61_00001.tif,0.35010176980852536,-0.04242554188619814,-0.03888864024563119,0.8284432689877708,cellpose_livecell
Lizard_lizard_dpath_62_00001.tif,0.3756892956820185,-0.014551105386526467,-0.01751022682757792,0.7092116470503642,cellpose_livecell
Lizard_lizard_dpath_63_00001.tif,0.3220697154118435,-0.00014231355797453748,0.010353375798346267,0.6809176388199053,cellpose_livecell
Lizard_lizard_dpath_64_00001.tif,0.38034158996717954,-0.036560586071017774,-0.03107402181505477,0.8205751179817792,cellpose_livecell
Lizard_lizard_dpath_8_00001.tif,0.35282805189582195,-0.03387343325675697,-0.02713898890205847,0.8055011587270997,cellpose_livecell
Lizard_lizard_glas_16_00001.tif,0.292860534701681,-0.01405608637656354,-0.0021622595194428426,0.8172931602353447,cellpose_livecell
Lizard_lizard_glas_21_00001.tif,0.21836469131651093,0.009921468560279924,0.03287261351942749,0.716140422506332,cellpose_livecell
Lizard_lizard_glas_24_00001.tif,0.23254553028560346,-0.013502656106363402,0.002111012267968135,0.770209161087911,cellpose_livecell
Lizard_lizard_glas_34_00001.tif,0.24480348987413184,0.005766038589640083,0.020694645421639575,0.7554377049777947,cellpose_livecell
Lizard_lizard_glas_37_00001.tif,0.2460501610092708,0.013821536997649478,0.022248028402419764,0.7478890472772723,cellpose_livecell
Lizard_lizard_glas_46_00001.tif,0.233412212226836,0.016683672645065192,0.0352124101038926,0.7369261291076983,cellpose_livecell
Lizard_lizard_glas_47_00001.tif,0.2839203877797769,0.01389892509388368,0.025062089541891243,0.8079862353276491,cellpose_livecell
Lizard_lizard_glas_51_00001.tif,0.27250764397844,-0.00036638574382307247,0.010468066598996212,0.7956756811530596,cellpose_livecell
Lizard_lizard_glas_56_00001.tif,0.23474981235576675,0.01691334994441565,0.03316563711579031,0.740022331468129,cellpose_livecell
Lizard_lizard_glas_58_00001.tif,0.28136590197990796,-0.027385804781918554,-2.9309781212595935e-05,0.8129196840350008,cellpose_livecell
Lizard_lizard_glas_59_00001.tif,0.26943901044571705,0.005106194953768788,0.030821099166782034,0.7983919540251271,cellpose_livecell
Lizard_lizard_pannuke_10_00001.tif,0.39997821713003806,-0.05996103178797683,-0.051646312456362954,0.8383862350547526,cellpose_livecell
Lizard_lizard_pannuke_13_00001.tif,0.407005324146269,-0.029035458265152587,-0.009588855541223719,0.8728267615475669,cellpose_livecell
Lizard_lizard_pannuke_14_00001.tif,0.47042824522286164,-0.01531636285918389,-0.021932848558581824,0.8446720895936084,cellpose_livecell
Lizard_lizard_pannuke_15_00001.tif,0.47207082726441346,-0.06157422899085722,-0.05577221259952805,0.8600602010006622,cellpose_livecell
Lizard_lizard_pannuke_16_00001.tif,0.42827995171469807,-0.06497496836639566,-0.06418771283808566,0.7835135017913716,cellpose_livecell
Lizard_lizard_pannuke_18_00001.tif,0.4103967778789146,-0.04792207545973527,-0.04970846122127476,0.898811941661509,cellpose_livecell
Lizard_lizard_pannuke_19_00001.tif,0.4192562144682921,-0.05173857461258304,-0.04377822906433752,0.8361836595081481,cellpose_livecell
Lizard_lizard_pannuke_20_00001.tif,0.3910140137505828,0.12622652387652591,0.11860590367627707,0.585291522442338,cellpose_livecell
Lizard_lizard_pannuke_21_00001.tif,0.44739083679444624,-0.05676817261235865,-0.054810010603107216,0.8979231194372929,cellpose_livecell
Lizard_lizard_pannuke_22_00001.tif,0.46785714741978657,-0.04166676696104141,-0.03910130299150931,0.8413764210126043,cellpose_livecell
Lizard_lizard_pannuke_23_00001.tif,0.38911313772688394,-0.040932467336869935,-0.02735652835733602,0.8020413746496426,cellpose_livecell
Lizard_lizard_pannuke_24_00001.tif,0.38831117263369425,-0.05181724559497099,-0.047959371773691716,0.7634706049737126,cellpose_livecell
Lizard_lizard_pannuke_25_00001.tif,0.5684753237975683,0.03951438086961501,0.03499150777490133,0.7327713281684307,cellpose_livecell
Lizard_lizard_pannuke_26_00001.tif,0.44381810548919065,-0.02148908820895837,-0.01957010492051737,0.9115666695779183,cellpose_livecell
Lizard_lizard_pannuke_27_00001.tif,0.5070704318076199,0.010712797768478232,0.012133798745083402,0.8001147923259223,cellpose_livecell
Lizard_lizard_pannuke_28_00001.tif,0.462081122216437,-0.028286950417382974,-0.030304103926874437,0.8777827999342996,cellpose_livecell
Lizard_lizard_pannuke_2_00001.tif,0.43266888793642205,-0.05578175816425053,-0.05546475378570724,0.9047578186211865,cellpose_livecell
Lizard_lizard_pannuke_3_00001.tif,0.43035522253775466,-0.05195270249395016,-0.044392111619857004,0.9135376526069651,cellpose_livecell
Lizard_lizard_pannuke_4_00001.tif,0.4473540455100449,-0.030159873820937932,-0.026173027685636997,0.8668186008091314,cellpose_livecell
Lizard_lizard_pannuke_5_00001.tif,0.5038865088424722,-0.044833939836288965,-0.04466105129265437,0.8706357943398855,cellpose_livecell
Lizard_lizard_pannuke_6_00001.tif,0.4872417590273682,-0.021425344936314726,-0.01949255335071178,0.8661055180284837,cellpose_livecell
Lizard_lizard_pannuke_7_00001.tif,0.30020160559133713,-0.026006993040778977,-0.010782614671414623,0.837624091901489,cellpose_livecell
Lizard_lizard_pannuke_8_00001.tif,0.4440479586477831,-0.0285817138643863,-0.02572322751374011,0.892762409121912,cellpose_livecell
Lizard_lizard_pannuke_9_00001.tif,0.43078913402211166,-0.0048860128066492035,0.00920475109602892,0.8799508751621221,cellpose_livecell
PlantSeg_plantseg_root_test_Movie1_t00006_crop_gt_00024.tif,-0.016092641239151356,0.9948705791060286,0.949812180420864,-0.04184641432161544,micro_sam_TissueNet
PlantSeg_plantseg_root_test_Movie1_t00006_crop_gt_00066.tif,-0.020421933698657947,0.9435960086196232,0.9797729712886145,-0.039618024627465456,micro_sam_TissueNet
PlantSeg_plantseg_root_test_Movie1_t00006_crop_gt_00094.tif,-0.022055494038739052,0.9183297108986264,0.9754494584358054,-0.03706982847842627,micro_sam_TissueNet
PlantSeg_plantseg_root_test_Movie1_t00006_crop_gt_00097.tif,-0.02200738847206299,0.9177903411043543,0.9751300920226205,-0.037248929660002525,micro_sam_TissueNet
PlantSeg_plantseg_root_test_Movie1_t00006_crop_gt_00115.tif,-0.022435609222248312,0.919235397705916,0.9739350597967842,-0.039932043882102086,micro_sam_TissueNet
PlantSeg_plantseg_root_test_Movie1_t00006_crop_gt_00131.tif,-0.022395793081793066,0.9272885279711673,0.9769126409141657,-0.0388788873442856,micro_sam_TissueNet
PlantSeg_plantseg_root_test_Movie1_t00006_crop_gt_00136.tif,-0.02219919243641158,0.929257866123281,0.9773025467077296,-0.03735601836704628,micro_sam_TissueNet
PlantSeg_plantseg_root_test_Movie1_t00006_crop_gt_00143.tif,-0.02150152786916141,0.9324957751939256,0.9783794646880285,-0.037843956761236364,micro_sam_TissueNet
PlantSeg_plantseg_root_test_Movie1_t00006_crop_gt_00147.tif,-0.02130054387104283,0.9321804529515969,0.9781701769142902,-0.038056260214125094,micro_sam_TissueNet
PlantSeg_plantseg_root_test_Movie1_t00006_crop_gt_00164.tif,-0.022860141809410237,0.9229277707041422,0.9742556730598532,-0.04051493133685226,micro_sam_TissueNet
PlantSeg_plantseg_root_test_Movie1_t00006_crop_gt_00187.tif,-0.021314151740925116,0.9224364471643944,0.976028978483134,-0.03902514569871542,micro_sam_TissueNet
PlantSeg_plantseg_root_test_Movie1_t00006_crop_gt_00207.tif,-0.022457395580975557,0.9124886200482163,0.9737378020962435,-0.03870722232349233,micro_sam_TissueNet
PlantSeg_plantseg_root_test_Movie1_t00006_crop_gt_00225.tif,-0.02149123613058005,0.9090408168922963,0.9718237391935617,-0.035884985330849224,micro_sam_TissueNet
PlantSeg_plantseg_root_test_Movie1_t00006_crop_gt_00229.tif,-0.021217359872454142,0.9166999383847789,0.9726949633826111,-0.03570444516020417,micro_sam_TissueNet
PlantSeg_plantseg_root_test_Movie1_t00006_crop_gt_00235.tif,-0.022003054779663297,0.9227084373450382,0.9744317395628066,-0.037394710777208844,micro_sam_TissueNet
PlantSeg_plantseg_root_test_Movie1_t00006_crop_gt_00284.tif,-0.0224927760813499,0.9059920546529602,0.9702319369180366,-0.036092590868881926,micro_sam_TissueNet
PlantSeg_plantseg_root_test_Movie1_t00006_crop_gt_00286.tif,-0.021335253073625986,0.9070348771441379,0.9710570707237579,-0.03544874039187036,micro_sam_TissueNet
PlantSeg_plantseg_root_test_Movie1_t00006_crop_gt_00293.tif,-0.019848274978282204,0.9107979604147491,0.9719251789494343,-0.03472111442212219,micro_sam_TissueNet
PlantSeg_plantseg_root_test_Movie1_t00006_crop_gt_00314.tif,-0.02429290011351156,0.897918587176606,0.9687582710406616,-0.03704194877021922,micro_sam_TissueNet
PlantSeg_plantseg_root_test_Movie1_t00006_crop_gt_00324.tif,-0.02366581949245529,0.8946316360764538,0.9658431545739374,-0.0369168544680284,micro_sam_TissueNet
PlantSeg_plantseg_root_test_Movie1_t00006_crop_gt_00328.tif,-0.023429650092957402,0.8953738342479168,0.9676709543923273,-0.036543574424485095,micro_sam_TissueNet
PlantSeg_plantseg_root_test_Movie1_t00006_crop_gt_00334.tif,-0.02401143476158744,0.89752717520097,0.9699203837569798,-0.03868282350680422,micro_sam_TissueNet
PlantSeg_plantseg_root_test_Movie1_t00006_crop_gt_00335.tif,-0.02363510180697114,0.8981809173519011,0.9701749841132212,-0.03910183146889309,micro_sam_TissueNet
PlantSeg_plantseg_root_test_Movie1_t00006_crop_gt_00351.tif,-0.022206823961823385,0.9131105721569529,0.9747423659280449,-0.039294893113899734,micro_sam_TissueNet
PlantSeg_plantseg_root_test_Movie1_t00006_crop_gt_00394.tif,-0.018552856337343538,0.9455487321815319,0.9786334460764378,-0.04000327550211654,micro_sam_TissueNet
PlantSeg_plantseg_root_test_Movie1_t00006_crop_gt_00430.tif,-0.02069309984795647,0.9518092588812422,0.980320278003051,-0.04102806233080925,micro_sam_TissueNet
PlantSeg_plantseg_root_test_Movie1_t00006_crop_gt_00433.tif,-0.020817656239651205,0.9542454080313767,0.9794683378605724,-0.041783049085722654,micro_sam_TissueNet
PlantSeg_plantseg_root_test_Movie1_t00006_crop_gt_00436.tif,-0.020285500158309558,0.9559196727668358,0.9787612427153937,-0.041984903276536,micro_sam_TissueNet
PlantSeg_plantseg_root_test_Movie1_t00006_crop_gt_00450.tif,-0.017908777692556638,0.9802814664014567,0.9723736099817121,-0.04055589705402293,micro_sam_TissueNet
PlantSeg_plantseg_root_test_Movie1_t00006_crop_gt_00467.tif,-0.016908260327989474,0.9925237515492272,0.9593339962802638,-0.04146291108781142,micro_sam_TissueNet
PlantSeg_plantseg_root_test_Movie1_t00006_crop_gt_00470.tif,-0.016867629896006486,0.9942753978521737,0.9546996133503939,-0.041716247043819335,micro_sam_TissueNet
PlantSeg_plantseg_root_test_Movie1_t00006_crop_gt_00477.tif,-0.016607395397992095,0.9963836100774944,0.9444767633210978,-0.042456573481573896,micro_sam_TissueNet
PlantSeg_plantseg_root_test_Movie1_t00045_crop_gt_00016.tif,-0.015369073360288997,0.9880624535944286,0.9560416031988004,-0.03903121575687485,micro_sam_TissueNet
PlantSeg_plantseg_root_test_Movie1_t00045_crop_gt_00020.tif,-0.015326459481621117,0.9872192604779423,0.9567014052124929,-0.0387849460169959,micro_sam_TissueNet
PlantSeg_plantseg_root_test_Movie1_t00045_crop_gt_00029.tif,-0.01514502829020721,0.9861626274721214,0.9559115556301414,-0.037386031454596645,micro_sam_TissueNet
PlantSeg_plantseg_root_test_Movie1_t00045_crop_gt_00053.tif,-0.013921408937039314,0.9805519001348347,0.9553551168208274,-0.03612088359926431,micro_sam_TissueNet
PlantSeg_plantseg_root_test_Movie1_t00045_crop_gt_00057.tif,-0.014281965688055422,0.9811690881504213,0.9555174854043542,-0.036422307541851794,micro_sam_TissueNet
PlantSeg_plantseg_root_test_Movie1_t00045_crop_gt_00061.tif,-0.014270057413686062,0.9821186689595267,0.9554004987631755,-0.03701323865677847,micro_sam_TissueNet
PlantSeg_plantseg_root_test_Movie1_t00045_crop_gt_00063.tif,-0.014546361340058413,0.9818866775032212,0.9556831912368159,-0.0370990092942974,micro_sam_TissueNet
PlantSeg_plantseg_root_test_Movie1_t00045_crop_gt_00067.tif,-0.015124296765174544,0.9824628914802433,0.9563383927541873,-0.0380867012483162,micro_sam_TissueNet
PlantSeg_plantseg_root_test_Movie1_t00045_crop_gt_00084.tif,-0.012393069493026435,0.9765889204428426,0.954024428139385,-0.034530376482001614,micro_sam_TissueNet
PlantSeg_plantseg_root_test_Movie1_t00045_crop_gt_00107.tif,-0.01251909080526978,0.9741537155142795,0.9515752575830518,-0.03376922187838561,micro_sam_TissueNet
PlantSeg_plantseg_root_test_Movie1_t00045_crop_gt_00115.tif,-0.01466917092671001,0.9760035255389994,0.953148696874956,-0.035879281163064144,micro_sam_TissueNet
PlantSeg_plantseg_root_test_Movie1_t00045_crop_gt_00116.tif,-0.014762623974631134,0.975606853355336,0.9530826550324563,-0.03577022669661154,micro_sam_TissueNet
PlantSeg_plantseg_root_test_Movie1_t00045_crop_gt_00159.tif,-0.017213347855962284,0.9717658951360942,0.953449642252188,-0.03658976088397035,micro_sam_TissueNet
PlantSeg_plantseg_root_test_Movie1_t00045_crop_gt_00161.tif,-0.016985546764017968,0.9716152641359995,0.9533035924473333,-0.0362245337771174,micro_sam_TissueNet
PlantSeg_plantseg_root_test_Movie1_t00045_crop_gt_00179.tif,-0.016926990839512837,0.982335104557915,0.9609199595696495,-0.03756278381485364,micro_sam_TissueNet
PlantSeg_plantseg_root_test_Movie2_T00010_crop_gt_00011.tif,-0.015506499754455682,0.8779775621447309,0.952973349838462,-0.03347690274236893,micro_sam_TissueNet
PlantSeg_plantseg_root_test_Movie2_T00010_crop_gt_00042.tif,-0.013633936243022733,0.8600349977797144,0.9392649070776631,-0.029415018380442137,micro_sam_TissueNet
PlantSeg_plantseg_root_test_Movie2_T00010_crop_gt_00055.tif,-0.012092907820330373,0.8711283709574147,0.9477140942745296,-0.0289469876446401,micro_sam_TissueNet
PlantSeg_plantseg_root_test_Movie2_T00010_crop_gt_00056.tif,-0.012203218370205791,0.8716424064678907,0.9489687153346065,-0.029189431158097866,micro_sam_TissueNet
PlantSeg_plantseg_root_test_Movie2_T00010_crop_gt_00062.tif,-0.01285209346303634,0.8727965169512695,0.9515022236766395,-0.03047737496920703,micro_sam_TissueNet
PlantSeg_plantseg_root_test_Movie2_T00010_crop_gt_00073.tif,-0.015748699155724858,0.8697341680596111,0.9508477537225752,-0.03282483613570122,micro_sam_TissueNet
PlantSeg_plantseg_root_test_Movie2_T00010_crop_gt_00092.tif,-0.012231556517122301,0.8564195902789369,0.9427391532547384,-0.029423316349621188,micro_sam_TissueNet
PlantSeg_plantseg_root_test_Movie2_T00010_crop_gt_00093.tif,-0.012111178336956692,0.8553428513217509,0.9421085084741533,-0.02941418508411236,micro_sam_TissueNet
PlantSeg_plantseg_root_test_Movie2_T00010_crop_gt_00096.tif,-0.011472569725654965,0.8533509343905494,0.9400707650875463,-0.0288638929804159,micro_sam_TissueNet
PlantSeg_plantseg_root_test_Movie2_T00010_crop_gt_00103.tif,-0.006793052134442867,0.8385030257048361,0.927139839505324,-0.024271747956089152,micro_sam_TissueNet
PlantSeg_plantseg_root_test_Movie2_T00010_crop_gt_00125.tif,-0.005455496941809006,0.8046538877064269,0.9080186471199294,-0.01717059913027947,micro_sam_TissueNet
PlantSeg_plantseg_root_test_Movie2_T00010_crop_gt_00132.tif,-0.006997511307412247,0.8046105379622592,0.9125942673016837,-0.018774741257832274,micro_sam_TissueNet
PlantSeg_plantseg_root_test_Movie2_T00010_crop_gt_00136.tif,-0.0076455418590828045,0.8058990364822807,0.9150144763886375,-0.020881855238288827,micro_sam_TissueNet
PlantSeg_plantseg_root_test_Movie2_T00010_crop_gt_00179.tif,-0.013813173208066442,0.8100739242675683,0.9118111197785688,-0.0207804270930019,micro_sam_TissueNet
PlantSeg_plantseg_root_test_Movie2_T00010_crop_gt_00192.tif,-0.014150122256346832,0.8077684808679935,0.9105538809554681,-0.01851268220286684,micro_sam_TissueNet
PlantSeg_plantseg_root_test_Movie2_T00010_crop_gt_00205.tif,-0.015375555147986735,0.8097700088961457,0.9178712943382722,-0.02114418426163188,micro_sam_TissueNet
PlantSeg_plantseg_root_test_Movie2_T00010_crop_gt_00243.tif,-0.014592873192263652,0.8031482341088179,0.9170914493586508,-0.02144540699351917,micro_sam_TissueNet
PlantSeg_plantseg_root_test_Movie2_T00010_crop_gt_00254.tif,-0.01254890567610124,0.8015715392617144,0.9085722744254852,-0.018216078947675962,micro_sam_TissueNet
PlantSeg_plantseg_root_test_Movie2_T00010_crop_gt_00261.tif,-0.01170694318836216,0.8098480538327741,0.9092280535322137,-0.018898106803155363,micro_sam_TissueNet
PlantSeg_plantseg_root_test_Movie2_T00010_crop_gt_00273.tif,-0.014579234030795479,0.833186354984711,0.9293913981848796,-0.026628058047267145,micro_sam_TissueNet
PlantSeg_plantseg_root_test_Movie2_T00010_crop_gt_00325.tif,-0.01787488883860146,0.8846888812067842,0.9551949625033789,-0.033406261889175684,micro_sam_TissueNet
PlantSeg_plantseg_root_test_Movie2_T00010_crop_gt_00337.tif,-0.017960745596380993,0.8544972291216049,0.9404360793954003,-0.029976199464164067,micro_sam_TissueNet
PlantSeg_plantseg_root_test_Movie2_T00010_crop_gt_00358.tif,-0.023029562196989914,0.8573209257588663,0.9460578159311723,-0.03663325150147214,micro_sam_TissueNet
PlantSeg_plantseg_root_test_Movie2_T00020_crop_gt_00029.tif,-0.0031181270468883873,0.8209322838109008,0.9108657649510266,-0.01973603728088469,micro_sam_TissueNet
PlantSeg_plantseg_root_test_Movie2_T00020_crop_gt_00039.tif,0.0015947321374014801,0.8134986224441756,0.8986715958324394,-0.014489346337846248,micro_sam_TissueNet
PlantSeg_plantseg_root_test_Movie2_T00020_crop_gt_00045.tif,0.002787076353923729,0.8079503435269654,0.8946860301785652,-0.013174129137009405,micro_sam_TissueNet
PlantSeg_plantseg_root_test_Movie2_T00020_crop_gt_00049.tif,0.004528212545206741,0.8090640320542285,0.8931983983017784,-0.012530795021858554,micro_sam_TissueNet
PlantSeg_plantseg_root_test_Movie2_T00020_crop_gt_00079.tif,-0.0019061818813102286,0.8174248845925641,0.9118433561511496,-0.01988237450697051,micro_sam_TissueNet
PlantSeg_plantseg_root_test_Movie2_T00020_crop_gt_00086.tif,-0.001131963487049776,0.8142575389846808,0.9096203057436272,-0.019585767847440785,micro_sam_TissueNet
PlantSeg_plantseg_root_test_Movie2_T00020_crop_gt_00095.tif,0.0023162758602240496,0.8067913554315862,0.9035216635182867,-0.01620260231439557,micro_sam_TissueNet
PlantSeg_plantseg_root_test_Movie2_T00020_crop_gt_00107.tif,0.014434653501033852,0.7883949987575634,0.881546269485983,-0.005405487241549038,micro_sam_TissueNet
PlantSeg_plantseg_root_test_Movie2_T00020_crop_gt_00128.tif,0.020697271843713685,0.7484538105110257,0.8524696685460921,0.005941478540792875,micro_sam_TissueNet
PlantSeg_plantseg_root_test_Movie2_T00020_crop_gt_00141.tif,0.009517545402477786,0.7678745527469818,0.8786843679026954,-0.006217341852625758,micro_sam_TissueNet
PlantSeg_plantseg_root_test_Movie2_T00020_crop_gt_00143.tif,0.007981347300219786,0.7727278514971169,0.8844711074526754,-0.007712246677297319,micro_sam_TissueNet
PlantSeg_plantseg_root_test_Movie2_T00020_crop_gt_00166.tif,0.009381640388604857,0.7724595814870672,0.8757744150937047,-0.0014032937839754775,micro_sam_TissueNet
PlantSeg_plantseg_root_test_Movie2_T00020_crop_gt_00167.tif,0.01012068730313005,0.7713461391235852,0.8746398565250377,-0.0006153140141453188,micro_sam_TissueNet
PlantSeg_plantseg_root_test_Movie2_T00020_crop_gt_00193.tif,0.021991267310677826,0.752217053023134,0.8570612483943096,0.014905170315732394,micro_sam_TissueNet
PlantSeg_plantseg_root_test_Movie2_T00020_crop_gt_00212.tif,0.012944434853402957,0.7524578835443225,0.8703166202712582,0.006160728357556182,micro_sam_TissueNet
PlantSeg_plantseg_root_test_Movie2_T00020_crop_gt_00231.tif,0.01524097656803389,0.737692231129075,0.8596469289071511,0.007706780597433309,micro_sam_TissueNet
PlantSeg_plantseg_root_test_Movie2_T00020_crop_gt_00233.tif,0.013803157803517697,0.7367463011486096,0.8592035774849289,0.0064679903532570086,micro_sam_TissueNet
PlantSeg_plantseg_root_test_Movie2_T00020_crop_gt_00246.tif,0.011870160038119196,0.7388182400658238,0.8603223040832007,0.00421093499280824,micro_sam_TissueNet
PlantSeg_plantseg_root_test_Movie2_T00020_crop_gt_00247.tif,0.011467757504853114,0.7376543351823812,0.858605659691783,0.00451561123606783,micro_sam_TissueNet
PlantSeg_plantseg_root_test_Movie2_T00020_crop_gt_00256.tif,0.01493929905834931,0.7359270200947268,0.84904149572473,0.00904735252510524,micro_sam_TissueNet
PlantSeg_plantseg_root_test_Movie2_T00020_crop_gt_00258.tif,0.016004295389916916,0.739141369885876,0.8494822037308476,0.00929164300416854,micro_sam_TissueNet
PlantSeg_plantseg_root_test_Movie2_T00020_crop_gt_00262.tif,0.014065528452282391,0.7446509070292466,0.8519798259235436,0.006466954019975356,micro_sam_TissueNet
PlantSeg_plantseg_root_test_Movie2_T00020_crop_gt_00273.tif,0.005407795303739863,0.7748875667462415,0.8775787072857597,-0.004058930425285926,micro_sam_TissueNet
PlantSeg_plantseg_root_test_Movie2_T00020_crop_gt_00288.tif,-0.0027971832071908296,0.8371659700903458,0.9209776790933508,-0.020063888212431054,micro_sam_TissueNet
PlantSeg_plantseg_root_test_Movie2_T00020_crop_gt_00300.tif,-0.008822273177878695,0.8630460618472121,0.9327359166811979,-0.02707761762419908,micro_sam_TissueNet
PlantSeg_plantseg_root_test_Movie2_T00020_crop_gt_00318.tif,-0.011676375603489473,0.8582434040613677,0.9358130430829116,-0.02910600315874024,micro_sam_TissueNet
PlantSeg_plantseg_root_test_Movie2_T00020_crop_gt_00339.tif,-0.0059804154681608775,0.8127408435321378,0.905369224143684,-0.016930634827553324,micro_sam_TissueNet
PlantSeg_plantseg_root_test_Movie2_T00020_crop_gt_00342.tif,-0.006676425338343206,0.8054326274907269,0.8983283368230606,-0.016622287889759654,micro_sam_TissueNet
PlantSeg_plantseg_root_test_Movie2_T00020_crop_gt_00345.tif,-0.004545429310438654,0.802789300055581,0.8991075423490992,-0.01496511096459513,micro_sam_TissueNet
PlantSeg_plantseg_root_test_Movie2_T00020_crop_gt_00348.tif,-0.005017536872460343,0.8054388201016032,0.9029925817060114,-0.016723117246885317,micro_sam_TissueNet
TissueNet_tissuenet_test_test_1011_00001.tif,-0.014041060587377752,0.9999419197405173,0.9387982062982182,-0.04278908015233486,micro_sam_plantseg
TissueNet_tissuenet_test_test_104_00001.tif,-0.014422561200534225,0.9999602459208908,0.9384626699653074,-0.04290725062929923,micro_sam_plantseg
TissueNet_tissuenet_test_test_1056_00001.tif,-0.014454940769192876,0.999976142584438,0.9388836108361247,-0.04291855316312841,micro_sam_plantseg
TissueNet_tissuenet_test_test_105_00001.tif,-0.014447797264684259,0.999965277251565,0.9386262964989246,-0.0429035896901704,micro_sam_plantseg
TissueNet_tissuenet_test_test_1080_00001.tif,-0.014334811918134509,0.9999628059782483,0.938168350389855,-0.043120618361513464,micro_sam_plantseg
TissueNet_tissuenet_test_test_1085_00001.tif,-0.014059965236096334,0.9999336104896706,0.9382102512169432,-0.043108159656282556,micro_sam_plantseg
TissueNet_tissuenet_test_test_1103_00001.tif,-0.014368712739424574,0.9999800407241504,0.9387581132400566,-0.04294821159678195,micro_sam_plantseg
TissueNet_tissuenet_test_test_1122_00001.tif,-0.0143551281804539,0.9999709799739847,0.9388617336586075,-0.04287902559074944,micro_sam_plantseg
TissueNet_tissuenet_test_test_1129_00001.tif,-0.01423021619978818,0.9999770982868809,0.9387620667181219,-0.04290700811023358,micro_sam_plantseg
TissueNet_tissuenet_test_test_1132_00001.tif,-0.014531528621550938,0.999975249811,0.9388201755832839,-0.04292219052598402,micro_sam_plantseg
TissueNet_tissuenet_test_test_1146_00001.tif,-0.01400378308144851,0.9999476014928751,0.9385775161591873,-0.042862523617498496,micro_sam_plantseg
TissueNet_tissuenet_test_test_1148_00001.tif,-0.014456164341254237,0.9999779674437678,0.9387406268093696,-0.04293932327406683,micro_sam_plantseg
TissueNet_tissuenet_test_test_1161_00001.tif,-0.014147725280091825,0.9999712609143122,0.9383922666672142,-0.042987437049285336,micro_sam_plantseg
TissueNet_tissuenet_test_test_1171_00001.tif,-0.014367086048447426,0.9999753164261478,0.9387706496503144,-0.04293160431160454,micro_sam_plantseg
TissueNet_tissuenet_test_test_1173_00001.tif,-0.014500837059384365,0.9999690604810627,0.938321958785688,-0.04310072095637571,micro_sam_plantseg
TissueNet_tissuenet_test_test_117_00001.tif,-0.014021355755656276,0.9999222021979068,0.9381320297392923,-0.04311102520677792,micro_sam_plantseg
TissueNet_tissuenet_test_test_1187_00001.tif,-0.014414252878865705,0.9999682106765974,0.9383477044748479,-0.04312008708316475,micro_sam_plantseg
TissueNet_tissuenet_test_test_118_00001.tif,-0.014428752487516665,0.9999740407483315,0.9387151717811466,-0.04307208958171775,micro_sam_plantseg
TissueNet_tissuenet_test_test_1230_00001.tif,-0.014331894857161475,0.9999641034956465,0.9383008847551364,-0.04310651488958053,micro_sam_plantseg
TissueNet_tissuenet_test_test_1257_00001.tif,-0.014360264035085203,0.9999677807214343,0.9383292205119377,-0.0431286292658077,micro_sam_plantseg
TissueNet_tissuenet_test_test_1259_00001.tif,-0.014429556456961033,0.9999713608668028,0.9384140688257985,-0.04313214367959059,micro_sam_plantseg
TissueNet_tissuenet_test_test_1265_00001.tif,-0.014549890889281696,0.9999769991041175,0.9384962070521403,-0.043101931439345945,micro_sam_plantseg
TissueNet_tissuenet_test_test_1289_00001.tif,-0.014457046798722928,0.9999718858576742,0.938370182546187,-0.043070391021665246,micro_sam_plantseg
TissueNet_tissuenet_test_test_1296_00001.tif,-0.014414098116937566,0.999970072918648,0.9383108713543807,-0.043161166193560134,micro_sam_plantseg
TissueNet_tissuenet_test_test_1301_00001.tif,-0.014449959143104747,0.9999751631048233,0.9383560608882936,-0.043073530322780905,micro_sam_plantseg
TissueNet_tissuenet_test_test_1302_00001.tif,-0.014382550114261487,0.9999724220430102,0.9383444132593359,-0.043101300022224225,micro_sam_plantseg
TissueNet_tissuenet_test_test_1317_00001.tif,-0.014388838859663551,0.9999719861121108,0.9383825079941925,-0.04313224850767472,micro_sam_plantseg
TissueNet_tissuenet_test_test_164_00001.tif,-0.014024502127265422,0.999967475938177,0.9384297156450103,-0.042947166419651975,micro_sam_plantseg
TissueNet_tissuenet_test_test_177_00001.tif,-0.013873598536228672,0.9999142500685025,0.938102429754237,-0.04309388642167505,micro_sam_plantseg
TissueNet_tissuenet_test_test_197_00001.tif,-0.014171260488297276,0.9999802079082579,0.9385177706517771,-0.042970834769231095,micro_sam_plantseg
TissueNet_tissuenet_test_test_19_00001.tif,-0.014440997694875161,0.9999768424264823,0.9387350517030904,-0.04297074531280416,micro_sam_plantseg
TissueNet_tissuenet_test_test_201_00001.tif,-0.013955687132699686,0.999970661062946,0.938520248860328,-0.04290012174582144,micro_sam_plantseg
TissueNet_tissuenet_test_test_206_00001.tif,-0.01386422398163228,0.9999525565879145,0.9386785327248701,-0.0428072460565569,micro_sam_plantseg
TissueNet_tissuenet_test_test_212_00001.tif,-0.013701447783498489,0.9999382834951666,0.9387047531248738,-0.04274709288392653,micro_sam_plantseg
TissueNet_tissuenet_test_test_214_00001.tif,-0.01378397432196225,0.9999570904833766,0.9385577094226629,-0.042876163893635,micro_sam_plantseg
TissueNet_tissuenet_test_test_216_00001.tif,-0.013871154265041402,0.9999641076101131,0.9384595405829319,-0.04291138567197258,micro_sam_plantseg
TissueNet_tissuenet_test_test_22_00001.tif,-0.01448723787153862,0.9999716906548242,0.9384607264182442,-0.04292754285732998,micro_sam_plantseg
TissueNet_tissuenet_test_test_232_00001.tif,-0.013842427134371966,0.999956659655204,0.9386534424207735,-0.04281492333012553,micro_sam_plantseg
TissueNet_tissuenet_test_test_239_00001.tif,-0.013888361846850616,0.9999576006084222,0.9383514187819404,-0.04298251437608425,micro_sam_plantseg
TissueNet_tissuenet_test_test_261_00001.tif,-0.01388169039504906,0.9999588431299455,0.9384195342357119,-0.042870224747314056,micro_sam_plantseg
TissueNet_tissuenet_test_test_265_00001.tif,-0.013845387510122164,0.9999102395350572,0.9380920607704457,-0.043098560081323414,micro_sam_plantseg
TissueNet_tissuenet_test_test_296_00001.tif,-0.013899736755779279,0.9999294137716248,0.9381210396794195,-0.04302208931286998,micro_sam_plantseg
TissueNet_tissuenet_test_test_299_00001.tif,-0.013846160093069958,0.9999108055016354,0.9380381950049458,-0.04308633412640694,micro_sam_plantseg
TissueNet_tissuenet_test_test_29_00001.tif,-0.014547542960352508,0.9999794038680372,0.9384372528482601,-0.043049798143001694,micro_sam_plantseg
TissueNet_tissuenet_test_test_302_00001.tif,-0.013862518139853147,0.9999341646705631,0.9381576884791183,-0.04304654566961628,micro_sam_plantseg
TissueNet_tissuenet_test_test_304_00001.tif,-0.013842214643167532,0.9999080626380377,0.938037042857639,-0.043067987654839865,micro_sam_plantseg
TissueNet_tissuenet_test_test_308_00001.tif,-0.013899550617934613,0.9999633892174433,0.9385830237029003,-0.04280898998500477,micro_sam_plantseg
TissueNet_tissuenet_test_test_323_00001.tif,-0.013861504375787355,0.9999198859229264,0.9381252044984152,-0.0430791361606717,micro_sam_plantseg
TissueNet_tissuenet_test_test_344_00001.tif,-0.013832414338556094,0.9999177158624487,0.938106129708769,-0.043065653196571387,micro_sam_plantseg
TissueNet_tissuenet_test_test_351_00001.tif,-0.013801926635919008,0.9999496945444486,0.9383753492719276,-0.04286887891358132,micro_sam_plantseg
TissueNet_tissuenet_test_test_391_00001.tif,-0.013852763219411743,0.999953787271393,0.9384273754427068,-0.04284021236860557,micro_sam_plantseg
TissueNet_tissuenet_test_test_393_00001.tif,-0.013886887324262923,0.9999432915449791,0.9382607589987335,-0.04301653464751984,micro_sam_plantseg
TissueNet_tissuenet_test_test_409_00001.tif,-0.013879023453473392,0.9999585541816904,0.9384544202460781,-0.04294900560833196,micro_sam_plantseg
TissueNet_tissuenet_test_test_431_00001.tif,-0.014435101837903773,0.999937691672209,0.938998669263569,-0.04279618661322136,micro_sam_plantseg
TissueNet_tissuenet_test_test_438_00001.tif,-0.014162552791002762,0.9999649722243893,0.9384095378441943,-0.04307307314821156,micro_sam_plantseg
TissueNet_tissuenet_test_test_445_00001.tif,-0.01400450087756646,0.9999455903321145,0.9382176734841267,-0.0431088555781462,micro_sam_plantseg
TissueNet_tissuenet_test_test_467_00001.tif,-0.014340326755093138,0.9999774029884355,0.9387240122456536,-0.04295162640043902,micro_sam_plantseg
TissueNet_tissuenet_test_test_474_00001.tif,-0.014344525536353861,0.9999818512665893,0.9385642494315203,-0.043083934318983,micro_sam_plantseg
TissueNet_tissuenet_test_test_479_00001.tif,-0.014402351245133628,0.9999809385192557,0.9387062862869451,-0.04298505058068745,micro_sam_plantseg
TissueNet_tissuenet_test_test_47_00001.tif,-0.014108629211659767,0.9999326334193939,0.9382158591976714,-0.043100535649854485,micro_sam_plantseg
TissueNet_tissuenet_test_test_485_00001.tif,-0.014301501394113347,0.9999788889562815,0.9388283106431915,-0.04298897426406573,micro_sam_plantseg
TissueNet_tissuenet_test_test_495_00001.tif,-0.014121007413593553,0.9999551939040409,0.9382629765867476,-0.04311805805845715,micro_sam_plantseg
TissueNet_tissuenet_test_test_512_00001.tif,-0.014295511296008282,0.9999823218304558,0.9386958492119369,-0.042995448586994216,micro_sam_plantseg
TissueNet_tissuenet_test_test_514_00001.tif,-0.01410101918673035,0.999948096784175,0.9382775120196127,-0.04310594866510221,micro_sam_plantseg
TissueNet_tissuenet_test_test_515_00001.tif,-0.013876075650351033,0.9999224579066255,0.9381129842844876,-0.04310015481992817,micro_sam_plantseg
TissueNet_tissuenet_test_test_544_00001.tif,-0.013728698554183467,0.9999355175631699,0.9387223987434344,-0.04279827377246996,micro_sam_plantseg
TissueNet_tissuenet_test_test_551_00001.tif,-0.014247979933937336,0.9999814086440674,0.9386887154681733,-0.043012720062394906,micro_sam_plantseg
TissueNet_tissuenet_test_test_555_00001.tif,-0.014465957854250564,0.9999797132801772,0.938682450642746,-0.043043878775838,micro_sam_plantseg
TissueNet_tissuenet_test_test_58_00001.tif,-0.01452500020473667,0.9999762488197158,0.93878206484973,-0.04293297155975779,micro_sam_plantseg
TissueNet_tissuenet_test_test_594_00001.tif,-0.014529461682222583,0.9999738823660642,0.9387293224235058,-0.04296236794852482,micro_sam_plantseg
TissueNet_tissuenet_test_test_595_00001.tif,-0.014495171147331024,0.9999710488629796,0.938638259465327,-0.04300721600930395,micro_sam_plantseg
TissueNet_tissuenet_test_test_605_00001.tif,-0.014397276331291672,0.9999601692495345,0.9385615193645449,-0.043114949390499674,micro_sam_plantseg
TissueNet_tissuenet_test_test_643_00001.tif,-0.014392699977277157,0.9999743517343103,0.938512410381489,-0.04307300736137378,micro_sam_plantseg
TissueNet_tissuenet_test_test_651_00001.tif,-0.014615473686372803,0.9999748988500388,0.9383793798567371,-0.04312416585572611,micro_sam_plantseg
TissueNet_tissuenet_test_test_661_00001.tif,-0.014591563236120701,0.9999801204014489,0.9384865428627078,-0.043072964315630166,micro_sam_plantseg
TissueNet_tissuenet_test_test_662_00001.tif,-0.014464740597656157,0.9999727775942763,0.9385103936000245,-0.04308468496856568,micro_sam_plantseg
TissueNet_tissuenet_test_test_668_00001.tif,-0.014610896251797751,0.9999789787148037,0.9384878237523715,-0.043100766383389014,micro_sam_plantseg
TissueNet_tissuenet_test_test_73_00001.tif,-0.014605863451750446,0.9999789272165012,0.9385403957987061,-0.043119877131789865,micro_sam_plantseg
TissueNet_tissuenet_test_test_750_00001.tif,-0.014708318837274165,0.9999766794986943,0.9385098740897447,-0.043063941900448634,micro_sam_plantseg
TissueNet_tissuenet_test_test_804_00001.tif,-0.014590289234471625,0.9999781434522627,0.9384546460289306,-0.04309149025116064,micro_sam_plantseg
TissueNet_tissuenet_test_test_809_00001.tif,-0.014580669032399388,0.9999785305881034,0.9384556249350926,-0.04306077621488662,micro_sam_plantseg
TissueNet_tissuenet_test_test_813_00001.tif,-0.014156924947577313,0.9999697901323451,0.9384118123481825,-0.04302062010232288,micro_sam_plantseg
TissueNet_tissuenet_test_test_825_00001.tif,-0.014426859798442597,0.999953654187216,0.9388453121635745,-0.04284274911800766,micro_sam_plantseg
TissueNet_tissuenet_test_test_838_00001.tif,-0.014428783749794078,0.9999527556711835,0.9387926431362846,-0.042826650607735564,micro_sam_plantseg
TissueNet_tissuenet_test_test_847_00001.tif,-0.01418965499599576,0.9999679468504926,0.9383619966037807,-0.043040596726623956,micro_sam_plantseg
TissueNet_tissuenet_test_test_855_00001.tif,-0.013914040281200128,0.9999654891135468,0.9386274183607014,-0.04283957217758886,micro_sam_plantseg
TissueNet_tissuenet_test_test_866_00001.tif,-0.014241217526067013,0.9999598726451773,0.9383008803589947,-0.0430820009695522,micro_sam_plantseg
TissueNet_tissuenet_test_test_885_00001.tif,-0.014084407298778544,0.999937483772241,0.93822882594259,-0.04308669156954027,micro_sam_plantseg
TissueNet_tissuenet_test_test_897_00001.tif,-0.014031054703715067,0.9999329342838383,0.9382165068341541,-0.043102576757838414,micro_sam_plantseg
TissueNet_tissuenet_test_test_899_00001.tif,-0.01405655703808751,0.9999365276455355,0.9381846673340466,-0.04308551708564203,micro_sam_plantseg
TissueNet_tissuenet_test_test_906_00001.tif,-0.014255603657816758,0.9999780702175609,0.9386415473219325,-0.04292878948988427,micro_sam_plantseg
TissueNet_tissuenet_test_test_909_00001.tif,-0.01455769664360316,0.9999715717066622,0.9387986605873339,-0.04293379207783497,micro_sam_plantseg
TissueNet_tissuenet_test_test_92_00001.tif,-0.014388840633772229,0.9999726341751216,0.938373849842405,-0.04307439512717732,micro_sam_plantseg
TissueNet_tissuenet_test_test_933_00001.tif,-0.014046394540325174,0.9999298789413699,0.9381593356243558,-0.0430922077546903,micro_sam_plantseg
TissueNet_tissuenet_test_test_943_00001.tif,-0.014533960247650735,0.9999779993328982,0.9387084611383946,-0.042968614757856946,micro_sam_plantseg
TissueNet_tissuenet_test_test_960_00001.tif,-0.014516325179895522,0.9999776566173748,0.9388819246074338,-0.042925799964540275,micro_sam_plantseg
TissueNet_tissuenet_test_test_97_00001.tif,-0.014440867767407162,0.9999688841684957,0.9386961644982741,-0.042901554988240144,micro_sam_plantseg
TissueNet_tissuenet_test_test_991_00001.tif,-0.01434920185505673,0.9999782598893278,0.9387701619074926,-0.042940943745522736,micro_sam_plantseg
TissueNet_tissuenet_test_test_992_00001.tif,-0.014446295073268375,0.9999734917534076,0.9383809065252902,-0.04307662471047057,micro_sam_plantseg
TissueNet_tissuenet_test_test_9_00001.tif,-0.01451603619939704,0.9999794921465248,0.9384844974551794,-0.04304634403531088,micro_sam_plantseg
